day,name,lat,lng,category,duration,description,detail,image,notes,tags
1,"Check in — The Tribune, JdV by Hyatt",41.9053,12.4886,hotel,20,Your Rome base for the week — a boutique Hyatt five minutes from the Spanish Steps and Via Veneto.,,https://assets.hyatt.com/content/dam/hyatt/hyattdam/images/2025/07/23/0432/ROMJD-P0178-King-Bed-Premium-View.jpg/ROMJD-P0178-King-Bed-Premium-View.16x9.jpg?imwidth=2560,,
1,Gianicolo Hill — sunset (optional),41.8916,12.4656,view,45,"Rome’s best sunset viewpoint, looking out over the entire historic center from a hill inhabited since Etruscan times.","Not one of Rome’s official “seven hills” (it sits across the Tiber, outside the ancient city walls), the Janiculum was still strategically vital — Garibaldi’s forces defended it against French troops here in 1849 during the fight for a short-lived Roman Republic. A cannon still fires from the hill at noon every day, a 19th-century tradition so Romans could set their clocks.",https://www.romeloft.com/wp-content/uploads/2015/11/rome-panorama.jpg,,
1,Wander Trastevere,41.8899,12.4694,landmark,150,Rome’s most atmospheric neighborhood — cobbled lanes and ivy-covered facades that give the city its postcard evening light.,"The name comes from Latin trans Tiberim, ‘across the Tiber’ — for centuries this was Rome’s working-class, immigrant neighborhood, kept apart from the grand imperial city across the river. Its tangle of medieval streets survived largely untouched by later redevelopment, which is why it still feels like the Rome of centuries ago — a look prized by countless film crews shooting “classic Rome” scenes here.",https://www.neverendingvoyage.com/wp-content/uploads/2019/07/trastevere-rome-10.jpg,,
1,Walk around Tiber Island,41.8906,12.4778,landmark,40,"A short loop around the little boat-shaped island in the Tiber, two bridges and five minutes from Trastevere — and the Assassins’ hideout in Assassin’s Creed: Brotherhood.","The ancient Romans faced the island in travertine so it would look like a ship, with an obelisk for a mast; part of the carved “prow” still juts out at the downstream end. A temple to Aesculapius, god of medicine, was founded here in 291 BC after a plague, and the island has never stopped being a place of healing — the Fatebenefratelli hospital has stood on it since 1584, and during the German occupation of Rome its doctors invented a fake, horrifying-sounding illness called “Syndrome K” to hide Jewish refugees in a quarantine ward the Nazis would not enter. Ponte Fabricio, the bridge to the Ghetto side, has carried traffic continuously since 62 BC.",https://commons.wikimedia.org/wiki/Special:FilePath/Ponte_Cestio%2C_Isola_Tiberina%2C_Roma.jpg?width=1200,,⚔ Assassin's Creed
1,Dinner — Da Enzo al 29,41.8886,12.4701,food,90,"Classic small Roman trattoria in Trastevere. Reservation recommended, it books fast. Budget alt: Ai Marmi. Splurge alt: Zia (Michelin-starred).",,https://gloobles.com/storage/10614/conversions/Qf8AdprNAr8cB1GJseNhMxZhtXon2P-metaZW56bzIuanBn--large.webp,,
2,Colosseum,41.8902,12.4922,landmark,105,The largest amphitheater the Roman Empire ever built — and the biggest Assassin’s Creed: Brotherhood set piece. Rome’s most crowded sight; pre-book tickets.,"Completed in 80 AD under Emperor Titus, it held an estimated 50,000–80,000 spectators and used a retractable awning system, operated by sailors, to shade the crowd. Its underground chambers (the hypogeum) held animals and gladiators, raised to the arena floor by a network of pulleys and lifts. It's the emotional center of Ridley Scott's Gladiator (1998) — though the film's interior scenes were actually shot on a built set in Malta and the UK, not here.",https://cdn-imgix.headout.com/microbrands-content-image/image/e4e2b84ff4e7f818201b1143c7da369e-Colosseum.jpg?auto=compress%2Cformat&q=90&crop=faces&fit=crop,,⚔ Assassin's Creed
2,Roman Forum + Palatine Hill,41.8925,12.4853,landmark,135,"The political and religious heart of ancient Rome, where the Senate met and emperors lived. One combined ticket covers both.","This was the civic heart of Rome for over a thousand years — the site of triumphal processions, elections, criminal trials, and public oratory, including some of Cicero's most famous speeches. The Palatine Hill above it is, by tradition, where Romulus and Remus were found and raised, and where emperors later built their palaces — the word “palace” itself comes from “Palatine.”",https://amymorgan.co/wp-content/uploads/2019/07/Roman-Forum-and-Palatine-Hill-14.jpg,,⚔ Assassin's Creed
2,Lunch — La Taverna dei Fori Imperiali,41.894,12.487,food,60,"Popular Monti trattoria for classic Roman pasta. Reservation recommended. Budget alt: Taverna Romana. Splurge alt: Aroma (Michelin-starred, Colosseum view).",,https://commons.wikimedia.org/wiki/Special:FilePath/Cacio_e_pepe.jpg?width=1200,,
2,Wander & shop Monti,41.8958,12.487,shop,90,Rome’s coolest central neighborhood — vintage boutiques and wine bars a few steps from the Colosseum.,,https://ilseonthego.com/wp-content/uploads/2025/05/Streets-Monti-Rome-01-768x1024.webp,,
2,Capitoline Museums,41.8931,12.4828,museum,105,"The world’s oldest public museum, on the hill where Rome was mythically founded, with views back over the Forum.","Founded in 1471 when Pope Sixtus IV donated a group of ancient bronzes to the people of Rome, it's considered the world's oldest public museum. Michelangelo redesigned the piazza and its facades in the 16th century, and the museum holds the original bronze she-wolf statue that's become Rome's civic symbol.",https://www.thetrainline.com/cms/media/4130/italy_rome_piazza-del-campidoglio.jpg?mode=crop&width=1080&height=1080&quality=70,,
2,Circus Maximus (quick stop),41.8859,12.4855,landmark,12,Ancient Rome’s chariot-racing stadium — today just an open grassy field with the track outline. A photo stop is enough.,"At its peak this stadium could seat around 150,000 spectators for chariot races — several times the capacity of the Colosseum. It's the setting for the famous chariot race in Ben-Hur (1959), though that sequence was actually filmed on a purpose-built set at Rome's Cinecittà studios rather than on this spot.",https://www.justroma.it/wp-content/uploads/2025/08/Circo-Massimo-guida-Roma.jpg,,⚔ Assassin's Creed
2,Dinner — Hostaria Al Gladiatore,41.8895,12.4938,food,90,Traditional Roman fare near the Colosseum. Reservation recommended on weekends. Budget alt: Pizzeria alle Carette.,,https://commons.wikimedia.org/wiki/Special:FilePath/Bucatini_amatriciana.JPG?width=1200,,
3,Castel Sant’Angelo,41.9031,12.4663,landmark,90,Hadrian’s mausoleum turned papal fortress — the climactic set piece of Angels & Demons. Closed Mondays.,"Built by Hadrian as his own mausoleum around 139 AD, it was later converted into a papal fortress, connected to the Vatican by a secret elevated passage called the Passetto di Borgo — used at least once for a real papal escape during the 1527 Sack of Rome. Puccini's opera Tosca ends with its heroine leaping from these ramparts, a genuine fixture of Roman opera rather than a modern film reference.",https://italian-traditions.com/wp-content/uploads/2023/06/castelsantangelo-it.jpg,,📖 Angels & Demons
3,Vatican Museums + Sistine Chapel,41.9065,12.4536,museum,200,"One of the world’s greatest art collections, ending in Michelangelo’s ceiling. Book skip-the-line tickets weeks ahead. Closed Sundays.","Housing roughly 70,000 works across a collection so vast that seeing every piece for just one minute each would take over four years. The Sistine Chapel ceiling took Michelangelo about four years to paint, mostly working alone on scaffolding of his own design — the popular image of him painting flat on his back is only partly accurate.",https://media-cdn.tripadvisor.com/media/attractions-splice-spp-674x446/0f/ba/c1/d8.jpg,,
3,Lunch near the Vatican,41.9057,12.456,food,60,Walk a few blocks off Via Cola di Rienzo in Prati for better food than the spots directly outside the Vatican walls.,,https://www.romeing.it/wp-content/uploads/2025/12/prati-neighbourhood-rome.jpg,,
3,St. Peter’s Basilica + Square,41.9022,12.4539,church,75,"The largest church in Christendom. Look for the small West Ponente relief in the square’s paving — Angels & Demons’ ""Altar of Air.""","The largest church in the world by interior volume, built over the traditional burial site of St. Peter himself. Michelangelo designed the dome but died before it was finished; Bernini later added the vast elliptical colonnade in the square, meant to feel like the “maternal arms” of the Church embracing visitors.",https://encrypted-tbn0.gstatic.com/images?q=tbn:ANd9GcTfTnQJzX8IBKA2kgBwQ8bnxw5tJpxdCZHO9hySgIAqSfTGcq24mK8r93Lh&s=10,,📖 Angels & Demons
4,Doria Pamphilj Gallery,41.8975,12.4816,museum,75,"A private noble family’s art collection that rivals the Vatican’s, minus the crowds. Closed Wednesdays.","Still privately owned by the Doria Pamphilj family, who live in part of the palace today. Its most famous painting is Velázquez's 1650 portrait of Pope Innocent X, notoriously unflattering — the pope reportedly complained it was “too real.” Francis Bacon later obsessively reworked the image in his own “Screaming Pope” series.","https://cdn.getyourguide.com/image/format=auto,fit=crop,gravity=auto,quality=60,width=375,height=375,dpr=2/tour_img/a464c6cf22623721d207afc2cab6e634872c82ef26edc46c8b899121651b8c3e.jpg",,
4,Pantheon,41.8986,12.4769,landmark,45,"Ancient Rome’s best-preserved building, capped by the largest unreinforced concrete dome ever built. A red-herring ""first altar"" in Angels & Demons.","Its dome is still the largest unreinforced concrete dome in the world, nearly 1,900 years after it was built. The 8-meter oculus at the top is the building's only light source and has never been covered — rain falls straight through onto a slightly sloped, drained floor. Continuous use since antiquity (first as a temple, then as a church since the 7th century) is largely why it survived intact while other ancient buildings were stripped for materials.","https://ik.imagekit.io/travalot/development/resources/attachments/2026/3/28/02b722e0-42e0-11f1-bfe2-8bcedebd6fff.jpg?tr=w-1600,h-1067,c-at_max:f-webp:q-85",,📖 Angels & Demons
4,Piazza Navona,41.8992,12.4731,landmark,45,"Built over an ancient stadium; centerpiece is Bernini’s Fountain of the Four Rivers — Angels & Demons’ ""Altar of Water.""","Built directly over the ruins of the 1st-century Stadium of Domitian, which explains the piazza's long, oval shape — you're standing in the footprint of an ancient running track. Bernini's Fountain of the Four Rivers personifies the Nile, Ganges, Danube, and Río de la Plata, representing four continents known to Europeans at the time.",https://www.italyrometour.com/wp-content/uploads/2024/05/four-rivers-fountain-in-rome.jpeg,,📖 Angels & Demons
4,Lunch — Cul de Sac,41.899,12.4725,food,60,Wine bar with a full menu just off the piazza.,,https://commons.wikimedia.org/wiki/Special:FilePath/Statua_di_pasquino%2C_pasquinate.JPG?width=1200,,
4,Eclectica (magic shop),41.8995,12.4758,shop,25,"An old-world magic and curiosity shop near the Pantheon, packed with tricks, antiques, and oddities — the kind of place that swallows twenty minutes without you noticing.","Beyond selling magic tricks, Eclectica runs magic classes and has built a loyal following among magic hobbyists visiting Rome. It's an easy add-on since it's only a couple of minutes' walk from the Pantheon itself.",https://dynamic-media-cdn.tripadvisor.com/media/photo-o/0d/87/c7/6f/img-20161103-185050-largejpg.jpg?w=1400&h=800&s=1,,
4,Museo Atelier Canova Tadolini,41.9077,12.4776,museum,35,"A 19th-century sculptor's studio turned café, still crowded with the original plaster casts and marble works — have a coffee surrounded by half-finished sculptures.","The studio originally belonged to Antonio Canova, one of the greatest Neoclassical sculptors, and passed to his student Adamo Tadolini and then four generations of the Tadolini family after him. The plaster models on display were the working templates used to carve the marble versions now in museums worldwide.",https://dynamic-media-cdn.tripadvisor.com/media/photo-o/2b/f2/cb/94/caption.jpg?w=1100&h=600&s=1,,
4,Piazza del Popolo + Santa Maria del Popolo,41.9109,12.4763,church,55,"The Chigi Chapel here holds Bernini’s Habakkuk and the Angel — Angels & Demons’ ""Altar of Earth.""","For centuries this piazza was the first thing travelers saw entering Rome from the north, so popes deliberately made it monumental. Inside the church, the Chigi Chapel was designed by Raphael and finished nearly a century later by Bernini, who added the Habakkuk and the Angel sculpture referenced in Angels & Demons.",https://upload.wikimedia.org/wikipedia/commons/thumb/0/09/Roma_-_Basilica_di_Santa_Maria_del_Popolo_-_Facade.jpg/3840px-Roma_-_Basilica_di_Santa_Maria_del_Popolo_-_Facade.jpg,,📖 Angels & Demons
4,Spanish Steps + Via Condotti shopping,41.9058,12.4823,shop,105,An 18th-century staircase leading up to Rome’s grand shopping street.,"Despite the name, the Steps were funded by a French diplomat, not built by Spain — the name comes from the Spanish Embassy that's long stood in the piazza below. The poet Keats spent his final months in the house at the foot of the steps and died there in 1821; it's now a small museum dedicated to him.",https://encrypted-tbn0.gstatic.com/images?q=tbn:ANd9GcS8iWKgZ6Rexlaow9i_YLtZYJH5vcsmOzHNPT8LgUh8gpAIlG71JZ6CA98S&s=10,,
4,Trevi Fountain,41.9009,12.4833,landmark,30,Rome’s most famous fountain. Visit early morning or after 9pm — it’s packed the rest of the day.,,https://www.hotelhasslerroma.com/wp-content/uploads/2025/09/michele-bitetto-2y6ojwauKJI-unsplash-1.jpg,,
4,Galleria Sciarra,41.8997,12.4823,landmark,15,"A small hidden courtyard just off the street, its walls and glass-roofed ceiling completely covered in Art Nouveau paintings celebrating the glorification of women.","Built in the 1880s as part of the Palazzo Sciarra, the courtyard was designed as a private showcase and is easy to walk right past — there's no grand entrance, just an unassuming doorway that opens into a full-color painted world.",https://www.ourescapeclause.com/wp-content/uploads/2019/10/Rome-262-1024x749.jpg,,
4,Dinner — Armando al Pantheon,41.8985,12.4772,food,90,Beloved family-run local spot. Reservation strongly recommended.,,https://commons.wikimedia.org/wiki/Special:FilePath/Carciofi_alla_Giud%C3%ACa.jpg?width=1200,,
5,Galleria Borghese,41.9142,12.4923,museum,120,"A compact, dazzling Bernini-and-Caravaggio collection inside a cardinal’s garden villa. Mandatory timed entry — book as early as possible. Closed Mondays.","Cardinal Scipione Borghese, an avid and occasionally ruthless art collector, once reportedly had a rival's paintings confiscated so he could add them to his own collection. Several of Bernini's most dynamic sculptures were made specifically for Borghese while the artist was still in his early twenties.",https://romesite.com/images/galleria_borghese.webp,,
5,Villa Borghese gardens,41.9109,12.4842,park,60,"Rome’s central park, landscaped in the English style around the Borghese collection.","Rome's third-largest park, laid out in the early 1600s as the private grounds around Cardinal Borghese's villa and opened to the public in 1903. It includes a small artificial lake, a replica of the Globe Theatre, and Rome's zoo, the Bioparco.",https://www.stefanorometours.com/upload/CONF100/20230827/A_Guide_to_Villa_Borghese_Gardens_A_Tranquil_Retreat_in_the_Heart_of_Rome-tSa-550X280.jpg,,
5,Lunch near Villa Borghese,41.908,12.485,food,60,Casual lunch break before the afternoon crosstown push.,,https://commons.wikimedia.org/wiki/Special:FilePath/Saltimbocca_alla_romana_%285461963389%29.jpg?width=1200,,
5,Santa Maria della Vittoria,41.9042,12.4948,church,18,"Home to Bernini’s Ecstasy of St. Teresa — Angels & Demons’ ""Altar of Fire."" A quick stop since it’s a bit out of the way.","A relatively modest church from the outside, holding one of Bernini's acknowledged masterpieces inside: the Ecstasy of St. Teresa, a marble sculpture so theatrical that critics have debated its meaning for centuries. Bernini even sculpted portraits of the Cornaro family who commissioned it, shown watching the scene from theater boxes on either side.",https://www.walksinrome.com/uploads/2/5/1/0/25107996/nave-church-of-santa-maria-della-vittoria-rome_orig.jpg,,📖 Angels & Demons
5,Capuchin Crypt,41.9036,12.4884,church,30,"An eerie ossuary beneath Santa Maria della Concezione, where the bones of thousands of Capuchin monks are arranged into decorative wall patterns and chandeliers.","Assembled between roughly 1500 and 1870 using the remains of about 3,700 friars, the crypt was intended as a meditation on mortality rather than a spectacle — a plaque at the exit reminds visitors that they will one day be what the monks are now. No photography is allowed inside.",https://i.redd.it/capuchin-crypt-rome-v0-swx44gozzmqe1.jpg?width=3024&format=pjpg&auto=webp&s=d758f7472d6c848f667e34a53b3e952cfd4999f8,,
5,Free time / more shopping,41.899,12.478,shop,120,"Open time — revisit a favorite spot, or keep exploring.",,https://commons.wikimedia.org/wiki/Special:FilePath/Rom%2C_die_Stra%C3%9Fe_Via_del_Corso%2C_mittlerer_Teil.JPG?width=1200,,
5,Giardino degli Aranci (Aventine),41.8853,12.4795,view,55,"Aventine Hill garden famous for Rome’s ""keyhole view"" of St. Peter’s dome, framed through a garden gate.","The garden's famous “keyhole view” — St. Peter's dome perfectly framed through the keyhole of the Knights of Malta's priory gate next door — is one of Rome's most photographed sights, and one of its most reliably surprising, since almost no one expects a random door to line up so precisely with a landmark over a mile away.",https://encrypted-tbn0.gstatic.com/images?q=tbn:ANd9GcQMnkKWCZN2cKmoPOtdKxwl86XEalhb-qPTBvj91Ylz4QB06J9YMnlK5os&s=10,,
5,Protestant Cemetery,41.8756,12.4809,landmark,45,"A quiet, garden-like cemetery for Rome's non-Catholic residents, including the graves of the poets Keats and Shelley — a peaceful contrast to the city's louder monuments.","Officially the Cimitero Acattolico, it's been used since the 1700s for Protestants, Orthodox Christians, Jews, Muslims, and other non-Catholics who couldn't be buried on consecrated Catholic ground. It sits right beside the Pyramid of Cestius, a genuine ancient Roman pyramid tomb built around 12 BC.",https://upload.wikimedia.org/wikipedia/commons/thumb/a/a6/Poeta1_%28Cimitero_Acattolico_Roma%29.jpg/250px-Poeta1_%28Cimitero_Acattolico_Roma%29.jpg,,
5,Farewell Rome dinner,41.893,12.482,food,90,"Last night in Rome — a favorite from earlier in the trip, or somewhere new.",,https://commons.wikimedia.org/wiki/Special:FilePath/Rome_Piazza_Margana_2020_Antica_Trattoria_Angelino.jpg?width=1200,,
6,Train — Rome to Venice,45.4413,12.321,travel,225,"High-speed Frecciarossa/Italo, Roma Termini to Venezia Santa Lucia — direct, no transfer needed.",,https://commons.wikimedia.org/wiki/Special:FilePath/ETR_400_Roma_Tiburtina_train_station_24_20181231.jpg?width=1200,,
6,Check in — AC Hotel Venezia by Marriott,45.4408,12.3181,hotel,20,"Santa Croce, near Piazzale Roma — moderate price, on the main island, walkable to most sights.",,https://cf.bstatic.com/xdata/images/hotel/max1024x768/643533059.jpg?k=aeace962a2d177ddd5e4413c7cf5a5b7c136191048627a12512da928555411bf&o=,,
6,Wander near Rialto,45.438,12.3358,landmark,120,Get your bearings around Venice’s famous bridge and market district.,"For nearly three centuries this was the only bridge across the Grand Canal, and the surrounding market has operated since at least the 11th century, making it one of the oldest continuously running marketplaces in Europe. The current stone bridge, completed in 1591, was chosen over a design submitted by Michelangelo.",https://www.venice-tourism.com/sites/default/files/styles/banner/public/rialto_e_il_suo_mercato_grande.jpg?itok=a9EQSTwi,,
6,Dinner — Alla Madonna,45.4373,12.3363,food,90,"Big, local, no-fuss trattoria near Rialto. No reservation, but can have a wait. Budget alt: All’Arco or Cantina Do Mori (cicchetti bars).",,https://commons.wikimedia.org/wiki/Special:FilePath/Pescheria_Venezia.jpg?width=1200,,
7,Piazza San Marco,45.4342,12.3388,landmark,30,"Venice’s grand civic square — Napoleon reportedly called it ""the drawing room of Europe.""","Napoleon supposedly called it “the finest drawing room in Europe” after his troops occupied the city in 1797. It's also one of the only parts of Venice that regularly floods during acqua alta, since it sits at one of the lowest points in the city.",https://upload.wikimedia.org/wikipedia/commons/1/17/Piazza_San_Marco_%28Venice%29_at_night-msu-2021-6449-.jpg,,
7,Campanile climb,45.4341,12.339,view,45,St. Mark’s bell tower — the best rooftop view over the city and lagoon.,"The original bell tower stood for nearly a thousand years before collapsing completely in 1902 — with no injuries, since it gave locals enough warning to clear the square. It was rebuilt brick-by-brick to the original design and reopened exactly ten years later.",https://visit-venice-italy.global.ssl.fastly.net/pics/campanile/saint-mark-campanile-bell-tower-venice-italy-13.jpg,,
7,Basilica di San Marco,45.4345,12.3397,church,60,"A Byzantine-domed basilica covered in gold mosaic, and the heart of the Assassin’s Creed II map.","Built to house the smuggled remains of St. Mark the Evangelist, reportedly hidden under a layer of pork to get them past customs officials in Alexandria in 828 AD. Its glittering interior mosaics — covering roughly 8,000 square meters — are why it's nicknamed “Chiesa d'Oro,” the Church of Gold.",https://upload.wikimedia.org/wikipedia/commons/6/61/Venezia_Basilica_di_San_Marco_Fassade_2.jpg,,⚔ Assassin's Creed
7,Doge’s Palace,45.4337,12.3405,museum,105,Seat of Venetian political power for a thousand years. Pre-book tickets to skip the line.,"For a thousand years this was the political nerve center of the Venetian Republic, connected to the adjacent prison by the enclosed Bridge of Sighs — supposedly named for the sighs of condemned prisoners catching their last glimpse of Venice through its windows. Casanova was once imprisoned here and made one of the only successful escapes in the prison's history.",https://commons.wikimedia.org/wiki/Special:FilePath/%28Venice%29_Doge%27s_Palace_facing_the_sea.jpg?width=1200,,⚔ Assassin's Creed
7,Lunch — Rosso Pomodoro,45.4335,12.338,food,60,"Reliable, casual chain pizzeria near San Marco.",,https://commons.wikimedia.org/wiki/Special:FilePath/Pizza-napoletana.jpg?width=1200,,
7,Shop & wander San Marco,45.435,12.3375,shop,105,Browse the boutiques and lanes radiating out from the square.,,https://dynamic-media-cdn.tripadvisor.com/media/photo-o/0b/c2/35/5b/20160626-120721-largejpg.jpg?w=500&h=500&s=1,,
7,Libreria Acqua Alta,45.4373,12.3401,shop,25,"A famously eccentric bookshop that stores its stock in bathtubs, a full-size gondola, and a staircase built from waterlogged encyclopedias — a defense against Venice's periodic flooding.","The name means ""high water library,"" a nod to the acqua alta flooding that regularly threatens ground-floor Venice. Cats roam the shop freely, and the book-staircase out back doubles as a lookout point over a small canal.",https://dynamic-media-cdn.tripadvisor.com/media/photo-o/1b/59/b7/ea/angolo-famoso-della-libreria.jpg?w=1400&h=800&s=1,,
7,Dinner — Trattoria Da Marco Valla Fava,45.436,12.337,food,90,Excellent seafood near San Marco. Can fill up — go early or expect a short wait.,,https://commons.wikimedia.org/wiki/Special:FilePath/Spaghetti_alle_cozze.JPG?width=1200,,
8,Giardini della Biennale,45.428,12.3573,park,45,A quiet Castello park hosting national pavilions during the Art Biennale (running through Nov 2026) — a good break from the San Marco crowds.,"Laid out under Napoleon in the early 1800s, the gardens have hosted the Venice Biennale's national pavilions since 1895, making it one of the world's longest-running recurring art exhibitions. Each pavilion is architecturally distinct and effectively “owned” by its represented country — a strange, walkable map of national identity in miniature.",https://bluecrowmedia.com/cdn/shop/articles/Sculpture_Garden_feature_image_copy.jpg?v=1688472824&width=1100,,
8,Peggy Guggenheim Collection,45.431,12.3316,museum,75,"Peggy Guggenheim’s own modern art collection, in her former Grand Canal home. Closed Tuesdays.","Peggy Guggenheim bought the unfinished 18th-century Palazzo Venier dei Leoni in 1949 and lived there until her death in 1979, amassing one of the most significant collections of early-to-mid-20th-century art in private hands. She was briefly married to the surrealist painter Max Ernst and gave Jackson Pollock his first solo show.",https://www.guggenheim-venice.it/site/assets/files/1179/pgc-exterior-2014_ph004-edited-sb.640x0.jpg,,
8,Lunch — Osteria al Squero,45.4318,12.3255,food,60,"Cicchetti bar overlooking a working gondola workshop. Standing room, no reservation.",,https://media.spottedbylocals.com/spot/osteria-al-squero-venice-by-annamaria-bergamo.jpg,,
8,Zattere promenade,45.429,12.328,view,45,"Venice’s longest uninterrupted waterfront walk, facing the Giudecca canal — best around sunset.","Historically the city's timber and salt docks, the name comes from the rafts (zattere) once used to float lumber down from the mainland. It faces the wide Giudecca Canal, traditionally where Venice's largest ships could dock — today it's one of the best places in the city to watch the sunset without a crowd.",https://dynamic-media-cdn.tripadvisor.com/media/photo-o/14/16/ec/7e/la-promenade-au-zattere.jpg?w=1200&h=900&s=1,,
8,Wander & shop Dorsoduro,45.4315,12.33,shop,150,"Venice’s most local, least touristy sestiere.",,https://encrypted-tbn0.gstatic.com/images?q=tbn:ANd9GcRiNQ23qZsaV6yucnThYWqO6GxRkA9jVrcknlgs7P9wFn_KBYyWuaJ9OkE&s=10,,
8,Santa Maria della Salute,45.431,12.3355,church,45,"A Baroque church built as a votive offering after the 1630 plague, guarding the mouth of the Grand Canal.","Built as a votive offering after the plague of 1630 killed roughly a third of Venice's population, with construction beginning the same year the city was declared plague-free. Every November 21st, a temporary pontoon bridge is still built across the Grand Canal so residents can walk here for the Feast of the Madonna della Salute.",https://encrypted-tbn0.gstatic.com/images?q=tbn:ANd9GcQ7NdIX7TZzhDmpRT1-kqJpqNL7suUjU_jDAcaNN3-FtA&s=10,,
8,Gondola ride,45.4318,12.333,boat,30,"A classic 30-minute gondola ride through Dorsoduro’s quieter back canals, timed for golden hour. Priced per gondola (up to 5 people), not per person — the standard daytime rate applies until roughly 7pm, after which an evening surcharge kicks in. Board away from the San Marco and Rialto stations for calmer interior canals rather than Grand Canal traffic.","Gondolas have been the working transport of Venice since at least the 11th century, and were once so competitively ornate that a 1562 sumptuary law forced them all to be painted black — which is why they still are. Each one is asymmetrical by design, with the left side built longer than the right to offset the gondolier rowing from one side, and is built from eight different types of wood. Only a few hundred remain today, down from thousands at the Republic’s peak.",https://commons.wikimedia.org/wiki/Special:FilePath/Venice_Gondola_Grand_Canal.jpg?width=1200,,
8,Dinner — Antiche Carampane,45.4368,12.3315,food,90,"Classic Venetian fine dining, hidden with no sign outside. Reservation required.",,https://commons.wikimedia.org/wiki/Special:FilePath/Risotto_al_nero_di_seppia.jpg?width=1200,,
9,Ca’ Rezzonico,45.4342,12.3286,museum,75,A Grand Canal palace preserved as an 18th-century Venetian home. Closed Tuesdays.,"An unfinished project for over a century — construction stalled when the original owning family ran out of money, and it was only completed decades later once a new banking family bought the palace. The English poet Robert Browning died in the building in 1889 while visiting his son, who lived there.",https://encrypted-tbn0.gstatic.com/images?q=tbn:ANd9GcTNCMLZr0F5O3wOpSMq7AQDfiZiaeo_ybsBWJOUyLVP5dtzieopRVN-kyfA&s=10,,
9,Gallerie dell’Accademia,45.4318,12.3288,museum,105,The world’s largest collection of Venetian painting. Closed Mondays.,,https://www.tripsavvy.com/thmb/42SY6xKmHjvCBSki4OyCh70v8UI=/1500x0/filters:no_upscale():max_bytes(150000):strip_icc()/AccademiaandDavid-2-50e1059101074c6fa19de2b3304ce988.jpg,,
9,Lunch near the Accademia bridge,45.433,12.329,food,60,Casual sit-down before the walk north to Cannaregio.,,https://commons.wikimedia.org/wiki/Special:FilePath/Ponte_dell%27Accademia_Venezia.jpg?width=1200,,
9,Wander Cannaregio + Jewish Ghetto,45.4444,12.3282,landmark,150,"Venice’s oldest Jewish quarter — origin of the word ""ghetto"" — and one of the city’s least touristy neighborhoods.","Established in 1516, this was the first neighborhood in the world to be called a “ghetto” — the word likely comes from the Venetian getto, referring to a nearby foundry. Jewish residents were legally confined here at night for over 250 years, yet the area became a center of Jewish scholarship and printing across Europe.",https://imagesofvenice.com/wp-content/uploads/2019/08/Ghetto_Nuovo_Aerial-1-1024x539.jpg,,
9,Cicchetti crawl dinner,45.444,12.328,food,120,Bar-hop through Cannaregio’s cicchetti bars — a few euros per bite and glass.,,https://commons.wikimedia.org/wiki/Special:FilePath/Sarde_in_saor_dans_un_restaurant_v%C3%A9nitien_%28d%C3%A9cembre_2022%29.JPG?width=1200,,
10,Vaporetto to Murano,45.459,12.3505,boat,45,Water bus across the lagoon to the glassblowing island.,,https://q-xx.bstatic.com/xdata/images/xphoto/max500/574832447.jpg?k=e15d5024dad331874c192a1d9356d0f958052c1dff2a6810b09623f6480c6da7&o=,,
10,Murano — glass wander,45.459,12.3505,shop,120,"Venice’s glassblowing island since 1291. Watch a demonstration, but treat the shopping as optional rather than essential.","Venice forcibly relocated its glassmakers here in 1291, officially to reduce fire risk in the city center, though it also let the Republic keep closer watch on a technology it guarded jealously — glassmakers were, for a time, forbidden to leave Venice at all, to prevent the craft's secrets from spreading.",https://ourlittlelifestyle.com/wp-content/uploads/2024/08/Murano-Glass-Blowing-Demonstration-Italy-10.jpg,,
10,Vaporetto to Burano,45.4852,12.4163,boat,45,Water bus onward to the rainbow-colored fishing island.,,https://commons.wikimedia.org/wiki/Special:FilePath/Venezia_Vaporetto_ACTV43_R01.jpg?width=1200,,
10,Lunch — Trattoria al Gatto Nero,45.4852,12.4163,food,60,Well-regarded Burano seafood spot. Reservation recommended.,,https://commons.wikimedia.org/wiki/Special:FilePath/Risotto-dish.jpg?width=1200,,
10,Burano — colorful streets,45.4855,12.416,landmark,120,"Famous for its rainbow-painted fishing houses. Arrive early, before the day-trip crowds.","Famous for lace-making since the 16th century as well as its rainbow houses, which — according to local tradition — were originally color-coded so fishermen could spot their own home through the lagoon fog. Homeowners today still need local government permission to repaint, choosing from an approved list of colors.",https://as1.ftcdn.net/v2/jpg/01/24/27/38/1000_F_124273853_C0GEspW3qUudvpDjBw27SbburnjBQr6S.jpg,,
10,Vaporetto back to Venice,45.438,12.3358,boat,45,Return water bus to the historic center.,,https://commons.wikimedia.org/wiki/Special:FilePath/Scene_of_the_Grand_Canal%2C_Venice.jpg?width=1200,,
10,Farewell Venice dinner,45.4375,12.336,food,120,Last night in Venice — a canal-side spot of your choice.,,https://commons.wikimedia.org/wiki/Special:FilePath/Venice_canals_sunset.JPG?width=1200,,
optional,Centrale Montemartini,41.859,12.478,museum,90,Ancient Roman sculptures displayed inside a decommissioned early-1900s power plant — marble gods posed against turbines and boilers. Striking and almost never crowded.,"Opened in 1997 as temporary overflow space for the Capitoline Museums’ collection and made permanent after proving unexpectedly popular. The industrial machinery was left in place deliberately, creating one of Rome’s strangest and most photogenic contrasts between ancient and modern.",https://commons.wikimedia.org/wiki/Special:FilePath/Le_mus%C3%A9e_de_la_centrale_Montemartini_%28Rome%29_%2834321364485%29.jpg?width=1200,,
optional,San Clemente Basilica,41.8887,12.4975,church,45,"A church built on top of an older church, on top of a 1st-century Roman house and Mithraic temple — you walk down through literal layers of history.","The current basilica dates to the 1100s, but 1800s excavations beneath it revealed a 4th-century basilica, and beneath that, ancient Roman rooms including a shrine to the god Mithras. You can descend all three levels and even hear an underground stream still running at the lowest point.",https://commons.wikimedia.org/wiki/Special:FilePath/Basilica_di_San_Clemente_al_Laterano_-_interno.jpg?width=1200,,
optional,Palazzo Senatorio (Piazza del Campidoglio),41.8931,12.4826,landmark,15,"Rome’s city hall, on the Capitoline Hill, at the far end of the same piazza as the Capitoline Museums — seen from the piazza rather than visited inside.","Built over the ancient Tabularium, Rome’s 1st-century-BC public record archive, the palace has served as the seat of Rome’s civic government since medieval times. Michelangelo redesigned the piazza and the palace’s facade in the 1530s–40s, adding the symmetrical double staircase that still leads up to its entrance, flanked by ancient statues of the Tiber and Nile river gods. It’s a working government building (the mayor’s office and city council chamber), so the interior is generally closed to the public — the view from the piazza is the visit.","https://commons.wikimedia.org/wiki/Special:FilePath/Piazza_del_Campidoglio,_Roma,_Italia,_2022-08-23,_DD_38.jpg?width=1200",,
optional,Quartiere Coppedè,41.9195,12.4993,landmark,60,"A small residential enclave of whimsical, fairy-tale architecture mixing Art Nouveau, Baroque, and medieval styles — totally off the main tourist path.","Built in the 1910s–20s by architect Gino Coppedè, the quarter includes a ""Fountain of the Frogs"" plaza and buildings with spiderweb ironwork, gargoyles, and frescoed facades unlike anything else in Rome. It’s residential — people actually live here — so keep it low-key.",https://commons.wikimedia.org/wiki/Special:FilePath/Coppede_quartiere_Trieste_a_Roma.JPG?width=1200,,
optional,Scuola Grande di San Rocco,45.4362,12.3262,museum,75,Every wall and ceiling covered in Tintoretto paintings — an overwhelming amount of major art with a fraction of the Accademia’s crowds.,"Tintoretto won the commission in 1564 through a shrewd trick: while competitors submitted sketches, he simply installed a finished painting directly on the ceiling and offered it as a gift, which the confraternity’s own rules obliged them to accept. He then spent over 20 years covering the building.",https://commons.wikimedia.org/wiki/Special:FilePath/Scuola_Grande_di_San_Rocco_%28Venice%29.jpg?width=1200,,
optional,Palazzo Grimani,45.437,12.339,museum,60,"A Renaissance palace with an unusual sunken display room (the Tribuna), far less visited than Doge’s Palace despite being just as grand.","Built for a family of art-collecting patriarchs, the palace’s Tribuna room was designed to display ancient sculpture from above and below simultaneously, an unusual arrangement for the era. Restoration only finished relatively recently, so it still feels like an insider’s discovery.",https://commons.wikimedia.org/wiki/Special:FilePath/Palazzo_Grimani_a_Santa_Maria_Formosa_dal_Rio_San_Severo.JPG?width=1200,,
optional,"Museo del Vetro (Glass Museum, Murano)",45.4595,12.352,museum,60,"The history of Murano’s glassmaking tradition, from Roman-era origins to Renaissance masterpieces to contemporary art glass.","Housed in a former bishop’s palace, the collection includes pieces over a thousand years old and traces techniques — like crystal-clear glass and fusing gold leaf into glass — that Murano’s glassmakers guarded as closely-kept trade secrets for centuries.",https://commons.wikimedia.org/wiki/Special:FilePath/Murano_-_Museo_del_vetro.JPG?width=1200,,
optional,"Museo del Merletto (Lace Museum, Burano)",45.4855,12.416,museum,45,"A small museum tracing Burano’s centuries-old lace-making tradition, housed in the former lace-making school.",Burano lace was once so prized across Europe it was given as diplomatic gifts between royal courts. The tradition nearly died out by the early 1900s until a training school revived it — the same building this museum now occupies.,https://commons.wikimedia.org/wiki/Special:FilePath/Burano_Museo_del_Merletto.jpg?width=1200,,
optional,Squero di San Trovaso,45.4324,12.3258,landmark,20,"A still-working gondola boatyard, viewable from across a small canal — one of the last places gondolas are actually built and repaired.","The building’s alpine-chalet-style construction is a deliberate nod to the mountain regions many of Venice’s boatbuilders (squerarioli) originally came from. It’s a working workshop, not a museum recreation, so what you see depends entirely on what’s underway that day.",https://commons.wikimedia.org/wiki/Special:FilePath/Squ%C3%A8ro_di_san_Trov%C3%A0so.jpg?width=1200,,
optional,Isola di San Michele,45.4508,12.3345,landmark,45,"Venice’s cemetery island — quiet, cypress-lined, and the resting place of Stravinsky and Diaghilev among others.","Napoleon banned burials within Venice proper in 1807 for public health reasons, leading to this dedicated cemetery island. It’s a short, easy vaporetto stop and a genuinely peaceful contrast to the crowds of central Venice.",https://commons.wikimedia.org/wiki/Special:FilePath/San_Michele_the_Cemetery_Island_%2821356112529%29.jpg?width=1200,,
optional,Torcello,45.5038,12.4173,landmark,90,"The lagoon’s original settlement, centuries older than Venice itself — today almost empty except for a Byzantine cathedral and the legendary ""Attila’s Throne.""","Torcello was more populous than Venice itself in the early Middle Ages before its lagoon silted up and its population gradually relocated to Venice proper. What remains is one of the oldest Byzantine buildings in the Venetian lagoon, and a near-empty atmosphere that’s the opposite of San Marco’s crowds.",https://commons.wikimedia.org/wiki/Special:FilePath/Torcello_Basilica_di_S._Maria_Assunta.JPG?width=1200,,
